{"episode": 1, "val_metrics": {"SP": 102.66666666666667, "CS": 0.4698717948717948, "accuracy": 0.7056737587061033, "precision": 0.8099415202605792, "recall": 0.8099415202605792, "f1": 0.8099415152605792, "TP": 31.666666666666668, "FP": 7.333333333333333, "FN": 7.333333333333333, "n_cols_pred": 39.0, "n_cols_ref": 39.0, "msa_PS": 157.33333333333334, "msa_CS": 0.5301506972559604}}